DATE,VXDCLS
2008-04-09,21.11
2008-04-10,20.29
2008-04-11,21.67
2008-04-14,22.21
2008-04-15,21.19
2008-04-16,18.94
2008-04-17,19.04
2008-04-18,18.33
2008-04-21,18.54
2008-04-22,19.03
2008-04-23,18.55
2008-04-24,18.11
2008-04-25,17.70
2008-04-28,17.96
2008-04-29,18.68
2008-04-30,19.00
2008-05-01,17.41
2008-05-02,16.55
2008-05-05,17.25
2008-05-06,16.87
2008-05-07,18.09
2008-05-08,17.70
2008-05-09,17.92
2008-05-12,16.37
2008-05-13,16.46
2008-05-14,16.24
2008-05-15,15.00
2008-05-16,15.00
2008-05-19,15.63
2008-05-20,16.37
2008-05-21,17.45
2008-05-22,16.95
2008-05-23,18.37
2008-05-26,.
2008-05-27,18.29
2008-05-28,17.82
2008-05-29,16.96
2008-05-30,16.61
2008-06-02,18.40
2008-06-03,18.98
2008-06-04,19.49
2008-06-05,17.67
2008-06-06,21.73
2008-06-09,21.57
2008-06-10,21.50
2008-06-11,22.19
2008-06-12,21.54
2008-06-13,19.71
2008-06-16,19.44
2008-06-17,19.60
2008-06-18,21.06
2008-06-19,20.13
2008-06-20,21.58
2008-06-23,21.20
2008-06-24,21.02
2008-06-25,19.91
2008-06-26,22.92
2008-06-27,22.41
2008-06-30,22.69
2008-07-01,22.48
2008-07-02,24.51
2008-07-03,23.25
2008-07-04,.
2008-07-07,24.24
2008-07-08,21.76
2008-07-09,24.05
2008-07-10,24.16
2008-07-11,25.92
2008-07-14,26.94
2008-07-15,26.96
2008-07-16,23.45
2008-07-17,23.14
2008-07-18,22.26
2008-07-21,21.50
2008-07-22,19.62
2008-07-23,19.92
2008-07-24,21.89
2008-07-25,21.34
2008-07-28,22.72
2008-07-29,20.60
2008-07-30,19.91
2008-07-31,21.71
2008-08-01,21.22
2008-08-04,22.05
2008-08-05,20.01
2008-08-06,19.07
2008-08-07,20.02
2008-08-08,19.49
2008-08-11,19.20
2008-08-12,20.04
2008-08-13,20.79
2008-08-14,19.54
2008-08-15,18.83
2008-08-18,20.36
2008-08-19,20.77
2008-08-20,19.89
2008-08-21,19.23
2008-08-22,18.41
2008-08-25,20.50
2008-08-26,20.08
2008-08-27,19.44
2008-08-28,19.02
2008-08-29,20.12
2008-09-01,.
2008-09-02,21.63
2008-09-03,21.08
2008-09-04,23.49
2008-09-05,22.72
2008-09-08,22.33
2008-09-09,24.97
2008-09-10,23.87
2008-09-11,23.88
2008-09-12,24.89
2008-09-15,30.39
2008-09-16,29.29
2008-09-17,34.30
2008-09-18,29.74
2008-09-19,30.36
2008-09-22,32.16
2008-09-23,33.77
2008-09-24,33.34
2008-09-25,31.18
2008-09-26,32.90
2008-09-29,42.86
2008-09-30,36.61
2008-10-01,37.25
2008-10-02,42.48
2008-10-03,41.74
2008-10-06,46.32
2008-10-07,49.85
2008-10-08,51.27
2008-10-09,53.42
2008-10-10,59.27
2008-10-13,42.45
2008-10-14,53.07
2008-10-15,64.52
2008-10-16,58.37
2008-10-17,65.18
2008-10-20,50.63
2008-10-21,51.09
2008-10-22,65.25
2008-10-23,63.25
2008-10-24,72.52
2008-10-27,71.16
2008-10-28,60.58
2008-10-29,62.95
2008-10-30,58.64
2008-10-31,55.83
2008-11-03,51.07
2008-11-04,46.42
2008-11-05,49.68
2008-11-06,58.78
2008-11-07,51.85
2008-11-10,54.59
2008-11-11,56.99
2008-11-12,60.74
2008-11-13,53.92
2008-11-14,61.32
2008-11-17,65.47
2008-11-18,62.86
2008-11-19,68.71
2008-11-20,74.60
2008-11-21,65.35
2008-11-24,58.94
2008-11-25,56.00
2008-11-26,50.92
2008-11-27,.
2008-11-28,51.84
2008-12-01,62.40
2008-12-02,58.59
2008-12-03,56.05
2008-12-04,58.91
2008-12-05,54.41
2008-12-08,52.95
2008-12-09,52.85
2008-12-10,50.78
2008-12-11,49.61
2008-12-12,49.03
2008-12-15,51.89
2008-12-16,47.29
2008-12-17,45.61
2008-12-18,42.22
2008-12-19,40.53
2008-12-22,39.28
2008-12-23,41.03
2008-12-24,40.54
2008-12-25,.
2008-12-26,40.00
2008-12-29,40.06
2008-12-30,37.85
2008-12-31,36.31
2009-01-01,.
2009-01-02,34.53
2009-01-05,35.83
2009-01-06,35.40
2009-01-07,39.34
2009-01-08,38.71
2009-01-09,39.06
2009-01-12,41.64
2009-01-13,39.84
2009-01-14,44.28
2009-01-15,44.95
2009-01-16,41.57
2009-01-19,.
2009-01-20,50.19
2009-01-21,41.10
2009-01-22,41.55
2009-01-23,41.65
2009-01-26,40.17
2009-01-27,37.98
2009-01-28,34.79
2009-01-29,37.79
2009-01-30,39.58
2009-02-02,40.14
2009-02-03,37.64
2009-02-04,37.99
2009-02-05,38.14
2009-02-06,37.56
2009-02-09,38.03
2009-02-10,41.27
2009-02-11,39.26
2009-02-12,37.13
2009-02-13,38.15
2009-02-16,.
2009-02-17,43.35
2009-02-18,42.72
2009-02-19,41.72
2009-02-20,43.62
2009-02-23,47.02
2009-02-24,40.61
2009-02-25,40.20
2009-02-26,40.42
2009-02-27,41.45
2009-03-02,46.82
2009-03-03,45.76
2009-03-04,42.16
2009-03-05,45.40
2009-03-06,43.85
2009-03-09,45.00
2009-03-10,39.40
2009-03-11,39.19
2009-03-12,36.67
2009-03-13,37.80
2009-03-16,39.09
2009-03-17,36.37
2009-03-18,36.50
2009-03-19,39.05
2009-03-20,41.43
2009-03-23,38.09
2009-03-24,38.95
2009-03-25,37.45
2009-03-26,36.06
2009-03-27,36.80
2009-03-30,40.65
2009-03-31,39.90
2009-04-01,37.62
2009-04-02,37.83
2009-04-03,36.18
2009-04-06,36.77
2009-04-07,36.62
2009-04-08,35.30
2009-04-09,33.32
2009-04-10,.
2009-04-13,34.28
2009-04-14,34.32
2009-04-15,33.19
2009-04-16,32.17
2009-04-17,31.09
2009-04-20,35.55
2009-04-21,33.72
2009-04-22,34.85
2009-04-23,33.59
2009-04-24,33.13
2009-04-27,34.32
2009-04-28,34.28
2009-04-29,32.58
2009-04-30,32.72
2009-05-01,31.58
2009-05-04,30.97
2009-05-05,30.30
2009-05-06,29.26
2009-05-07,30.19
2009-05-08,28.65
2009-05-11,28.98
2009-05-12,27.84
2009-05-13,29.44
2009-05-14,28.01
2009-05-15,28.80
2009-05-18,26.29
2009-05-19,25.28
2009-05-20,25.71
2009-05-21,27.68
2009-05-22,29.09
2009-05-25,.
2009-05-26,27.29
2009-05-27,28.71
2009-05-28,28.15
2009-05-29,25.33
2009-06-01,26.93
2009-06-02,26.63
2009-06-03,27.34
2009-06-04,26.92
2009-06-05,26.57
2009-06-08,26.54
2009-06-09,25.29
2009-06-10,25.29
2009-06-11,25.39
2009-06-12,25.13
2009-06-15,27.95
2009-06-16,28.91
2009-06-17,28.06
2009-06-18,26.83
2009-06-19,24.99
2009-06-22,28.25
2009-06-23,27.59
2009-06-24,26.24
2009-06-25,23.92
2009-06-26,23.60
2009-06-29,22.69
2009-06-30,23.47
2009-07-01,23.55
2009-07-02,25.09
2009-07-03,.
2009-07-06,25.75
2009-07-07,27.48
2009-07-08,27.94
2009-07-09,26.69
2009-07-10,26.01
2009-07-13,23.59
2009-07-14,23.07
2009-07-15,23.14
2009-07-16,22.00
2009-07-17,21.33
2009-07-20,21.19
2009-07-21,20.64
2009-07-22,20.72
2009-07-23,21.02
2009-07-24,20.46
2009-07-27,21.77
2009-07-28,22.26
2009-07-29,22.71
2009-07-30,22.61
2009-07-31,22.99
2009-08-03,22.87
2009-08-04,22.20
2009-08-05,22.06
2009-08-06,23.05
2009-08-07,22.26
2009-08-10,22.41
2009-08-11,23.32
2009-08-12,22.90
2009-08-13,22.16
2009-08-14,21.87
2009-08-17,25.20
2009-08-18,23.59
2009-08-19,23.39
2009-08-20,22.63
2009-08-21,22.46
2009-08-24,22.34
2009-08-25,22.24
2009-08-26,22.31
2009-08-27,21.93
2009-08-28,21.79
2009-08-31,23.14
2009-09-01,26.01
2009-09-02,25.78
2009-09-03,24.04
2009-09-04,22.50
2009-09-07,.
2009-09-08,23.01
2009-09-09,21.70
2009-09-10,21.15
2009-09-11,21.40
2009-09-14,21.08
2009-09-15,20.83
2009-09-16,21.26
2009-09-17,21.15
2009-09-18,21.22
2009-09-21,21.33
2009-09-22,20.75
2009-09-23,21.00
2009-09-24,22.13
2009-09-25,22.50
2009-09-28,22.07
2009-09-29,22.49
2009-09-30,22.79
2009-10-01,25.09
2009-10-02,25.14
2009-10-05,23.79
2009-10-06,22.65
2009-10-07,21.80
2009-10-08,21.42
2009-10-09,20.22
2009-10-12,19.92
2009-10-13,20.28
2009-10-14,20.04
2009-10-15,19.11
2009-10-16,18.57
2009-10-19,18.74
2009-10-20,17.96
2009-10-21,19.27
2009-10-22,18.01
2009-10-23,19.31
2009-10-26,21.45
2009-10-27,22.05
2009-10-28,24.79
2009-10-29,21.74
2009-10-30,26.82
2009-11-02,26.19
2009-11-03,25.21
2009-11-04,24.44
2009-11-05,22.28
2009-11-06,21.19
2009-11-09,20.22
2009-11-10,20.03
2009-11-11,20.02
2009-11-12,21.32
2009-11-13,20.44
2009-11-16,19.93
2009-11-17,19.51
2009-11-18,19.28
2009-11-19,19.89
2009-11-20,19.46
2009-11-23,18.51
2009-11-24,18.11
2009-11-25,17.98
2009-11-26,.
2009-11-27,21.81
2009-11-30,21.62
2009-12-01,19.55
2009-12-02,18.78
2009-12-03,19.99
2009-12-04,19.23
2009-12-07,19.67
2009-12-08,20.94
2009-12-09,20.18
2009-12-10,19.47
2009-12-11,18.70
2009-12-14,18.23
2009-12-15,18.80
2009-12-16,18.35
2009-12-17,19.77
2009-12-18,19.44
2009-12-21,18.73
2009-12-22,17.32
2009-12-23,17.48
2009-12-24,16.97
2009-12-25,.
2009-12-28,17.41
2009-12-29,17.59
2009-12-30,17.69
2009-12-31,18.97
2010-01-01,.
2010-01-04,18.20
2010-01-05,17.60
2010-01-06,17.33
2010-01-07,17.20
2010-01-08,16.59
2010-01-11,16.01
2010-01-12,16.20
2010-01-13,16.14
2010-01-14,15.59
2010-01-15,15.74
2010-01-18,.
2010-01-19,15.81
2010-01-20,16.39
2010-01-21,19.73
2010-01-22,24.20
2010-01-25,23.01
2010-01-26,21.87
2010-01-27,20.57
2010-01-28,21.24
2010-01-29,21.63
2010-02-01,19.98
2010-02-02,18.91
2010-02-03,18.78
2010-02-04,22.77
2010-02-05,22.95
2010-02-08,23.39
2010-02-09,22.63
2010-02-10,22.25
2010-02-11,20.84
2010-02-12,20.23
2010-02-15,.
2010-02-16,19.35
2010-02-17,18.96
2010-02-18,18.15
2010-02-19,17.91
2010-02-22,17.79
2010-02-23,19.09
2010-02-24,17.84
2010-02-25,17.81
2010-02-26,17.42
2010-03-01,17.07
2010-03-02,16.85
2010-03-03,16.86
2010-03-04,16.50
2010-03-05,15.52
2010-03-08,15.87
2010-03-09,15.96
2010-03-10,16.73
2010-03-11,16.22
2010-03-12,15.80
2010-03-15,16.09
2010-03-16,15.83
2010-03-17,15.50
2010-03-18,15.02
2010-03-19,15.29
2010-03-22,15.19
2010-03-23,14.68
2010-03-24,15.34
2010-03-25,16.42
2010-03-26,15.87
2010-03-29,15.98
2010-03-30,15.46
2010-03-31,15.64
2010-04-01,15.69
2010-04-02,.
2010-04-05,15.48
2010-04-06,14.92
2010-04-07,15.40
2010-04-08,15.12
2010-04-09,14.74
2010-04-12,14.37
2010-04-13,14.60
2010-04-14,14.25
2010-04-15,14.05
2010-04-16,16.12
2010-04-19,15.37
2010-04-20,13.99
2010-04-21,14.30
2010-04-22,14.55
2010-04-23,14.63
2010-04-26,15.43
2010-04-27,19.91
2010-04-28,18.48
2010-04-29,16.54
2010-04-30,19.65
2010-05-03,17.79
2010-05-04,21.17
2010-05-05,22.32
2010-05-06,27.35
2010-05-07,35.91
2010-05-10,25.93
2010-05-11,25.04
2010-05-12,22.42
2010-05-13,23.45
2010-05-14,27.67
2010-05-17,27.15
2010-05-18,29.67
2010-05-19,31.68
2010-05-20,40.72
2010-05-21,35.48
2010-05-24,33.91
2010-05-25,31.59
2010-05-26,31.20
2010-05-27,26.48
2010-05-28,28.67
2010-05-31,.
2010-06-01,31.97
2010-06-02,26.96
2010-06-03,26.51
2010-06-04,31.43
2010-06-07,33.17
2010-06-08,30.28
2010-06-09,29.94
2010-06-10,27.15
2010-06-11,25.43
2010-06-14,25.53
2010-06-15,22.94
2010-06-16,22.73
2010-06-17,22.21
2010-06-18,21.23
2010-06-21,21.93
2010-06-22,24.07
2010-06-23,23.87
2010-06-24,26.23
2010-06-25,25.37
2010-06-28,25.67
2010-06-29,30.56
2010-06-30,30.54
2010-07-01,29.37
2010-07-02,27.56
2010-07-05,.
2010-07-06,26.69
2010-07-07,23.83
2010-07-08,22.66
2010-07-09,21.87
2010-07-12,21.09
2010-07-13,21.30
2010-07-14,21.54
2010-07-15,21.85
2010-07-16,23.09
2010-07-19,22.73
2010-07-20,21.41
2010-07-21,23.43
2010-07-22,22.02
2010-07-23,20.75
2010-07-26,20.15
2010-07-27,20.28
2010-07-28,21.06
2010-07-29,21.31
2010-07-30,20.73
2010-08-02,19.48
2010-08-03,19.98
2010-08-04,19.86
2010-08-05,19.70
2010-08-06,19.23
2010-08-09,19.28
2010-08-10,19.60
2010-08-11,22.81
2010-08-12,23.59
2010-08-13,23.90
2010-08-16,23.34
2010-08-17,21.92
2010-08-18,22.02
2010-08-19,23.43
2010-08-20,22.64
2010-08-23,22.86
2010-08-24,24.61
2010-08-25,24.24
2010-08-26,24.48
2010-08-27,21.76
2010-08-30,24.32
2010-08-31,23.73
2010-09-01,21.47
2010-09-02,20.79
2010-09-03,18.89
2010-09-06,.
2010-09-07,21.10
2010-09-08,20.76
2010-09-09,20.54
2010-09-10,19.81
2010-09-13,19.08
2010-09-14,19.37
2010-09-15,19.76
2010-09-16,19.15
2010-09-17,19.02
2010-09-20,18.86
2010-09-21,19.52
2010-09-22,19.63
2010-09-23,20.62
2010-09-24,18.75
2010-09-27,19.83
2010-09-28,19.69
2010-09-29,20.15
2010-09-30,20.62
2010-10-01,19.72
2010-10-04,20.58
2010-10-05,19.18
2010-10-06,18.76
2010-10-07,18.80
2010-10-08,17.93
2010-10-11,16.53
2010-10-12,16.59
2010-10-13,16.30
2010-10-14,16.82
2010-10-15,16.89
2010-10-18,17.09
2010-10-19,18.18
2010-10-20,17.31
2010-10-21,16.50
2010-10-22,16.40
2010-10-25,17.30
2010-10-26,17.67
2010-10-27,18.21
2010-10-28,18.33
2010-10-29,18.51
2010-11-01,19.14
2010-11-02,19.11
2010-11-03,17.24
2010-11-04,16.16
2010-11-05,16.00
2010-11-08,16.09
2010-11-09,16.81
2010-11-10,16.35
2010-11-11,16.77
2010-11-12,18.24
2010-11-15,17.59
2010-11-16,20.05
2010-11-17,19.49
2010-11-18,16.67
2010-11-19,15.79
2010-11-22,16.23
2010-11-23,18.24
2010-11-24,17.17
2010-11-25,.
2010-11-26,18.20
2010-11-29,19.46
2010-11-30,20.99
2010-12-01,18.78
2010-12-02,17.26
2010-12-03,15.72
2010-12-06,15.86
2010-12-07,16.02
2010-12-08,15.77
2010-12-09,15.38
2010-12-10,15.52
2010-12-13,15.16
2010-12-14,15.30
2010-12-15,15.44
2010-12-16,15.15
2010-12-17,14.07
2010-12-20,14.73
2010-12-21,14.76
2010-12-22,13.88
2010-12-23,14.06
2010-12-24,.
2010-12-27,15.51
2010-12-28,15.47
2010-12-29,15.09
2010-12-30,15.29
2010-12-31,15.61
2011-01-03,15.63
2011-01-04,15.18
2011-01-05,14.58
2011-01-06,15.06
2011-01-07,14.96
2011-01-10,15.34
2011-01-11,14.52
2011-01-12,13.98
2011-01-13,13.95
2011-01-14,13.14
2011-01-17,.
2011-01-18,13.09
2011-01-19,14.60
2011-01-20,15.16
2011-01-21,15.05
2011-01-24,14.62
2011-01-25,14.62
2011-01-26,14.17
2011-01-27,14.00
2011-01-28,17.05
2011-01-31,16.68
2011-02-01,15.37
2011-02-02,15.01
2011-02-03,14.44
2011-02-04,13.95
2011-02-07,14.11
2011-02-08,13.48
2011-02-09,13.80
2011-02-10,13.78
2011-02-11,13.56
2011-02-14,14.24
2011-02-15,14.56
2011-02-16,14.56
2011-02-17,14.58
2011-02-18,13.91
2011-02-21,.
2011-02-22,17.83
2011-02-23,18.60
2011-02-24,18.37
2011-02-25,16.71
2011-02-28,15.79
2011-03-01,17.96
2011-03-02,17.88
2011-03-03,16.07
2011-03-04,16.43
2011-03-07,18.18
2011-03-08,17.42
2011-03-09,17.75
2011-03-10,19.41
2011-03-11,17.96
2011-03-14,18.60
2011-03-15,21.26
2011-03-16,25.20
2011-03-17,22.76
2011-03-18,20.76
2011-03-21,17.71
2011-03-22,17.20
2011-03-23,16.33
2011-03-24,15.54
2011-03-25,15.28
2011-03-28,16.36
2011-03-29,15.79
2011-03-30,15.32
2011-03-31,15.30
2011-04-01,15.03
2011-04-04,15.27
2011-04-05,15.02
2011-04-06,14.67
2011-04-07,15.03
2011-04-08,15.53
2011-04-11,14.71
2011-04-12,15.65
2011-04-13,15.19
2011-04-14,14.47
2011-04-15,13.75
2011-04-18,15.23
2011-04-19,13.67
2011-04-20,13.14
2011-04-21,12.77
2011-04-22,.
2011-04-25,13.91
2011-04-26,14.09
2011-04-27,13.79
2011-04-28,12.84
2011-04-29,13.03
2011-05-02,14.53
2011-05-03,15.06
2011-05-04,15.72
2011-05-05,16.69
2011-05-06,17.08
2011-05-09,15.95
2011-05-10,14.65
2011-05-11,15.78
2011-05-12,14.97
2011-05-13,15.79
2011-05-16,16.34
2011-05-17,16.77
2011-05-18,15.33
2011-05-19,14.46
2011-05-20,16.26
2011-05-23,17.29
2011-05-24,17.01
2011-05-25,16.14
2011-05-26,15.22
2011-05-27,15.02
2011-05-30,.
2011-05-31,14.29
2011-06-01,17.40
2011-06-02,17.23
2011-06-03,16.87
2011-06-06,17.18
2011-06-07,16.85
2011-06-08,17.13
2011-06-09,16.37
2011-06-10,17.45
2011-06-13,17.89
2011-06-14,16.58
2011-06-15,19.68
2011-06-16,20.28
2011-06-17,19.45
2011-06-20,18.34
2011-06-21,16.93
2011-06-22,17.30
2011-06-23,17.81
2011-06-24,19.35
2011-06-27,18.78
2011-06-28,17.49
2011-06-29,15.86
2011-06-30,15.00
2011-07-01,14.71
2011-07-04,.
2011-07-05,14.97
2011-07-06,15.12
2011-07-07,14.77
2011-07-08,15.02
2011-07-11,16.83
2011-07-12,18.08
2011-07-13,17.98
2011-07-14,18.61
2011-07-15,17.49
2011-07-18,18.98
2011-07-19,17.48
2011-07-20,17.47
2011-07-21,16.01
2011-07-22,16.10
2011-07-25,17.75
2011-07-26,18.69
2011-07-27,20.97
2011-07-28,21.86
2011-07-29,23.58
2011-08-01,22.13
2011-08-02,22.83
2011-08-03,21.89
2011-08-04,29.41
2011-08-05,29.59
2011-08-08,40.49
2011-08-09,29.70
2011-08-10,38.61
2011-08-11,34.86
2011-08-12,32.22
2011-08-15,28.75
2011-08-16,29.33
2011-08-17,28.27
2011-08-18,38.17
2011-08-19,37.74
2011-08-22,37.76
2011-08-23,32.09
2011-08-24,31.71
2011-08-25,35.66
2011-08-26,32.03
2011-08-29,29.25
2011-08-30,29.54
2011-08-31,28.82
2011-09-01,28.60
2011-09-02,30.38
2011-09-05,.
2011-09-06,33.41
2011-09-07,30.19
2011-09-08,31.38
2011-09-09,36.46
2011-09-12,36.69
2011-09-13,34.70
2011-09-14,32.20
2011-09-15,29.80
2011-09-16,28.41
2011-09-19,30.04
2011-09-20,29.85
2011-09-21,33.36
2011-09-22,37.75
2011-09-23,38.48
2011-09-26,36.17
2011-09-27,34.47
2011-09-28,37.20
2011-09-29,35.14
2011-09-30,39.27
2011-10-03,41.45
2011-10-04,37.32
2011-10-05,34.81
2011-10-06,33.31
2011-10-07,32.26
2011-10-10,29.60
2011-10-11,29.66
2011-10-12,27.51
2011-10-13,27.68
2011-10-14,25.42
2011-10-17,29.84
2011-10-18,29.10
2011-10-19,31.82
2011-10-20,31.81
2011-10-21,27.81
2011-10-24,26.50
2011-10-25,29.04
2011-10-26,26.76
2011-10-27,22.84
2011-10-28,22.31
2011-10-31,27.29
2011-11-01,31.80
2011-11-02,30.13
2011-11-03,27.54
2011-11-04,27.24
2011-11-07,26.96
2011-11-08,24.70
2011-11-09,32.89
2011-11-10,29.91
2011-11-11,26.79
2011-11-14,28.10
2011-11-15,28.45
2011-11-16,30.27
2011-11-17,31.40
2011-11-18,28.66
2011-11-21,30.12
2011-11-22,29.17
2011-11-23,31.00
2011-11-24,.
2011-11-25,21.29
2011-11-28,29.16
2011-11-29,28.02
2011-11-30,25.16
2011-12-01,25.06
2011-12-02,25.17
2011-12-05,25.52
2011-12-06,25.74
2011-12-07,26.19
2011-12-08,27.57
2011-12-09,24.17
2011-12-12,23.46
2011-12-13,23.23
2011-12-14,24.12
2011-12-15,22.35
2011-12-16,22.23
2011-12-19,22.65
2011-12-20,20.55
2011-12-21,19.59
2011-12-22,19.45
2011-12-23,18.85
2011-12-26,.
2011-12-27,20.05
2011-12-28,21.57
2011-12-29,20.73
2011-12-30,21.42
2012-01-02,.
2012-01-03,20.89
2012-01-04,20.10
2012-01-05,19.75
2012-01-06,19.18
2012-01-09,19.45
2012-01-10,19.32
2012-01-11,19.50
2012-01-12,19.04
2012-01-13,19.32
2012-01-16,.
2012-01-17,20.16
2012-01-18,19.18
2012-01-19,18.16
2012-01-20,16.05
2012-01-23,16.71
2012-01-24,16.96
2012-01-25,16.41
2012-01-26,16.58
2012-01-27,16.65
2012-01-30,17.68
2012-01-31,17.63
2012-02-01,16.85
2012-02-02,16.61
2012-02-03,15.62
2012-02-06,16.20
2012-02-07,16.12
2012-02-08,16.44
2012-02-09,17.12
2012-02-10,18.64
2012-02-13,17.25
2012-02-14,17.79
2012-02-15,19.15
2012-02-16,17.59
2012-02-17,16.22
2012-02-20,.
2012-02-21,16.76
2012-02-22,16.62
2012-02-23,15.49
2012-02-24,15.74
2012-02-27,16.49
2012-02-28,16.67
2012-02-29,16.99
2012-03-01,16.09
2012-03-02,15.94
2012-03-05,16.48
2012-03-06,19.31
2012-03-07,17.73
2012-03-08,16.40
2012-03-09,15.95
2012-03-12,13.83
2012-03-13,13.63
2012-03-14,14.23
2012-03-15,13.54
2012-03-16,12.76
2012-03-19,13.79
2012-03-20,14.47
2012-03-21,14.37
2012-03-22,14.58
2012-03-23,13.69
2012-03-26,13.18
2012-03-27,14.12
2012-03-28,14.45
2012-03-29,14.20
2012-03-30,13.94
2012-04-02,14.08
2012-04-03,14.46
2012-04-04,15.08
2012-04-05,15.27
2012-04-06,.
2012-04-09,17.14
2012-04-10,18.56
2012-04-11,18.23
2012-04-12,15.62
2012-04-13,17.67
2012-04-16,17.75
2012-04-17,16.53
2012-04-18,16.69
2012-04-19,16.68
2012-04-20,15.59
2012-04-23,16.98
2012-04-24,16.09
2012-04-25,15.32
2012-04-26,14.58
2012-04-27,14.74
2012-04-30,15.34
2012-05-01,14.86
2012-05-02,15.11
2012-05-03,15.74
2012-05-04,17.06
2012-05-07,17.40
2012-05-08,17.66
2012-05-09,18.51
2012-05-10,17.57
2012-05-11,18.34
2012-05-14,19.98
2012-05-15,20.20
2012-05-16,20.17
2012-05-17,21.97
2012-05-18,22.30
2012-05-21,19.99
2012-05-22,20.41
2012-05-23,20.44
2012-05-24,19.61
2012-05-25,20.20
2012-05-28,.
2012-05-29,19.45
2012-05-30,21.86
2012-05-31,21.81
2012-06-01,24.32
2012-06-04,23.98
2012-06-05,22.68
2012-06-06,20.01
2012-06-07,19.73
2012-06-08,18.87
2012-06-11,21.09
2012-06-12,19.91
2012-06-13,21.34
2012-06-14,19.76
2012-06-15,18.39
2012-06-18,16.88
2012-06-19,16.45
2012-06-20,15.31
2012-06-21,17.74
2012-06-22,16.12
2012-06-25,17.99
2012-06-26,17.65
2012-06-27,17.46
2012-06-28,17.53
2012-06-29,15.32
2012-07-02,15.46
2012-07-03,15.46
2012-07-04,.
2012-07-05,15.85
2012-07-06,15.83
2012-07-09,16.52
2012-07-10,16.93
2012-07-11,16.63
2012-07-12,16.89
2012-07-13,15.22
2012-07-16,15.62
2012-07-17,15.16
2012-07-18,14.53
2012-07-19,14.26
2012-07-20,14.93
2012-07-23,16.89
2012-07-24,18.38
2012-07-25,17.33
2012-07-26,15.92
2012-07-27,15.33
2012-07-30,16.54
2012-07-31,17.39
2012-08-01,17.41
2012-08-02,16.24
2012-08-03,14.44
2012-08-06,14.68
2012-08-07,14.86
2012-08-08,14.15
2012-08-09,13.85
2012-08-10,13.57
2012-08-13,12.43
2012-08-14,13.14
2012-08-15,13.00
2012-08-16,12.62
2012-08-17,12.01
2012-08-20,12.61
2012-08-21,13.49
2012-08-22,13.69
2012-08-23,14.44
2012-08-24,13.85
2012-08-27,14.90
2012-08-28,15.46
2012-08-29,15.80
2012-08-30,16.50
2012-08-31,15.69
2012-09-03,.
2012-09-04,16.38
2012-09-05,16.27
2012-09-06,14.30
2012-09-07,13.19
2012-09-10,14.92
2012-09-11,14.79
2012-09-12,14.24
2012-09-13,13.47
2012-09-14,13.53
2012-09-17,13.40
2012-09-18,12.81
2012-09-19,12.79
2012-09-20,12.78
2012-09-21,12.65
2012-09-24,12.96
2012-09-25,13.84
2012-09-26,15.10
2012-09-27,13.77
2012-09-28,14.34
2012-10-01,14.61
2012-10-02,14.56
2012-10-03,14.29
2012-10-04,13.75
2012-10-05,13.09
2012-10-08,13.69
2012-10-09,14.66
2012-10-10,14.84
2012-10-11,14.35
2012-10-12,14.71
2012-10-15,13.98
2012-10-16,13.84
2012-10-17,13.86
2012-10-18,13.74
2012-10-19,15.48
2012-10-22,15.20
2012-10-23,17.46
2012-10-24,16.95
2012-10-25,16.69
2012-10-26,16.55
2012-10-29,.
2012-10-30,.
2012-10-31,17.26
2012-11-01,15.36
2012-11-02,16.34
2012-11-05,17.14
2012-11-06,16.37
2012-11-07,18.04
2012-11-08,17.25
2012-11-09,17.24
2012-11-12,15.62
2012-11-13,15.47
2012-11-14,16.58
2012-11-15,16.96
2012-11-16,15.53
2012-11-19,14.33
2012-11-20,14.02
2012-11-21,14.10
2012-11-22,.
2012-11-23,18.64
2012-11-26,14.19
2012-11-27,14.66
2012-11-28,14.31
2012-11-29,13.84
2012-11-30,14.54
2012-12-03,15.36
2012-12-04,15.69
2012-12-05,15.05
2012-12-06,15.05
2012-12-07,14.48
2012-12-10,14.64
2012-12-11,14.28
2012-12-12,14.65
2012-12-13,15.21
2012-12-14,15.55
2012-12-17,15.17
2012-12-18,14.54
2012-12-19,16.03
2012-12-20,16.37
2012-12-21,16.47
2012-12-24,16.47
2012-12-25,.
2012-12-26,17.95
2012-12-27,18.01
2012-12-28,16.60
2012-12-31,17.22
2013-01-01,.
2013-01-02,13.92
2013-01-03,13.74
2013-01-04,13.06
2013-01-07,13.09
2013-01-08,12.83
2013-01-09,12.83
2013-01-10,12.67
2013-01-11,12.36
2013-01-14,12.55
2013-01-15,12.35
2013-01-16,12.52
2013-01-17,12.64
2013-01-18,11.47
2013-01-21,.
2013-01-22,11.32
2013-01-23,11.31
2013-01-24,11.46
2013-01-25,11.75
2013-01-28,12.46
2013-01-29,12.23
2013-01-30,13.15
2013-01-31,13.31
2013-02-01,12.07
2013-02-04,13.65
2013-02-05,13.16
2013-02-06,12.78
2013-02-07,12.91
2013-02-08,12.66
2013-02-11,12.35
2013-02-12,12.02
2013-02-13,12.19
2013-02-14,11.72
2013-02-15,11.56
2013-02-18,.
2013-02-19,11.47
2013-02-20,13.31
2013-02-21,13.68
2013-02-22,12.71
2013-02-25,16.72
2013-02-26,14.81
2013-02-27,13.15
2013-02-28,13.70
2013-03-01,13.61
2013-03-04,12.77
2013-03-05,12.38
2013-03-06,12.44
2013-03-07,12.04
2013-03-08,11.64
2013-03-11,10.68
2013-03-12,10.84
2013-03-13,10.54
2013-03-14,10.22
2013-03-15,10.08
2013-03-18,11.78
2013-03-19,12.59
2013-03-20,11.59
2013-03-21,12.55
2013-03-22,12.28
2013-03-25,12.53
2013-03-26,11.70
2013-03-27,12.13
2013-03-28,11.69
2013-03-29,.
2013-04-01,12.26
2013-04-02,11.56
2013-04-03,12.67
2013-04-04,12.60
2013-04-05,12.54
2013-04-08,12.12
2013-04-09,11.86
2013-04-10,11.70
2013-04-11,11.47
2013-04-12,11.11
2013-04-15,15.16
2013-04-16,12.51
2013-04-17,14.65
2013-04-18,15.48
2013-04-19,13.59
2013-04-22,13.16
2013-04-23,12.23
2013-04-24,12.49
2013-04-25,12.48
2013-04-26,12.20
2013-04-29,12.36
2013-04-30,12.21
2013-05-01,13.02
2013-05-02,12.25
2013-05-03,11.67
2013-05-06,11.70
2013-05-07,11.70
2013-05-08,11.66
2013-05-09,11.90
2013-05-10,11.64
2013-05-13,11.45
2013-05-14,11.78
2013-05-15,11.76
2013-05-16,11.89
2013-05-17,11.45
2013-05-20,11.83
2013-05-21,12.20
2013-05-22,12.34
2013-05-23,12.57
2013-05-24,12.61
2013-05-27,.
2013-05-28,13.09
2013-05-29,13.37
2013-05-30,13.21
2013-05-31,14.23
2013-06-03,14.20
2013-06-04,14.46
2013-06-05,15.62
2013-06-06,14.97
2013-06-07,13.59
2013-06-10,13.91
2013-06-11,15.17
2013-06-12,16.69
2013-06-13,14.85
2013-06-14,15.48
2013-06-17,15.16
2013-06-18,14.77
2013-06-19,14.87
2013-06-20,18.22
2013-06-21,16.77
2013-06-24,17.74
2013-06-25,16.61
2013-06-26,15.33
2013-06-27,14.89
2013-06-28,15.21
2013-07-01,14.92
2013-07-02,14.91
2013-07-03,14.70
2013-07-04,.
2013-07-05,13.47
2013-07-08,13.33
2013-07-09,13.26
2013-07-10,12.93
2013-07-11,12.79
2013-07-12,12.93
2013-07-15,12.92
2013-07-16,13.35
2013-07-17,12.70
2013-07-18,12.53
2013-07-19,11.66
2013-07-22,11.68
2013-07-23,11.71
2013-07-24,12.00
2013-07-25,11.91
2013-07-26,11.79
2013-07-29,12.30
2013-07-30,12.33
2013-07-31,12.57
2013-08-01,12.26
2013-08-02,11.25
2013-08-05,11.13
2013-08-06,11.97
2013-08-07,12.02
2013-08-08,12.02
2013-08-09,12.59
2013-08-12,12.21
2013-08-13,11.67
2013-08-14,12.49
2013-08-15,13.84
2013-08-16,13.37
2013-08-19,13.81
2013-08-20,13.81
2013-08-21,14.90
2013-08-22,13.89
2013-08-23,13.05
2013-08-26,13.89
2013-08-27,15.12
2013-08-28,14.84
2013-08-29,15.15
2013-08-30,15.38
2013-09-02,.
2013-09-03,15.14
2013-09-04,14.50
2013-09-05,14.31
2013-09-06,14.35
2013-09-09,14.23
2013-09-10,13.34
2013-09-11,12.56
2013-09-12,12.95
2013-09-13,12.98
2013-09-16,13.12
2013-09-17,13.44
2013-09-18,13.13
2013-09-19,12.47
2013-09-20,12.84
2013-09-23,13.64
2013-09-24,13.48
2013-09-25,13.55
2013-09-26,13.40
2013-09-27,14.69
2013-09-30,15.91
2013-10-01,15.04
2013-10-02,16.34
2013-10-03,17.12
2013-10-04,16.15
2013-10-07,18.50
2013-10-08,19.33
2013-10-09,18.39
2013-10-10,15.76
2013-10-11,14.76
2013-10-14,15.17
2013-10-15,17.78
2013-10-16,14.73
2013-10-17,13.29
2013-10-18,12.83
2013-10-21,12.98
2013-10-22,12.97
2013-10-23,12.85
2013-10-24,12.40
2013-10-25,12.38
2013-10-28,12.74
2013-10-29,12.78
2013-10-30,13.08
2013-10-31,13.05
2013-11-01,12.66
2013-11-04,12.66
2013-11-05,12.66
2013-11-06,12.12
2013-11-07,12.89
2013-11-08,12.33
2013-11-11,12.04
2013-11-12,12.18
2013-11-13,12.10
2013-11-14,11.96
2013-11-15,11.24
2013-11-18,11.86
2013-11-19,12.17
2013-11-20,12.35
2013-11-21,11.91
2013-11-22,11.40
2013-11-25,11.78
2013-11-26,11.83
2013-11-27,12.03
2013-11-28,.
2013-11-29,12.76
2013-12-02,13.52
2013-12-03,13.81
2013-12-04,13.88
2013-12-05,14.23
2013-12-06,12.85
2013-12-09,12.96
2013-12-10,13.24
2013-12-11,14.33
2013-12-12,14.76
2013-12-13,14.92
2013-12-16,15.12
2013-12-17,14.98
2013-12-18,12.81
2013-12-19,13.02
2013-12-20,12.89
2013-12-23,12.47
2013-12-24,11.90
2013-12-25,.
2013-12-26,11.57
2013-12-27,11.70
2013-12-30,12.64
2013-12-31,12.90
2014-01-01,.
2014-01-02,13.31
2014-01-03,12.89
2014-01-06,12.68
2014-01-07,12.17
2014-01-08,12.29
2014-01-09,12.39
2014-01-10,11.84
2014-01-13,12.65
2014-01-14,11.93
2014-01-15,11.58
2014-01-16,11.94
2014-01-17,11.64
2014-01-20,.
2014-01-21,12.38
2014-01-22,12.66
2014-01-23,13.63
2014-01-24,17.43
2014-01-27,16.69
2014-01-28,15.32
2014-01-29,16.80
2014-01-30,16.82
2014-01-31,17.91
2014-02-03,20.67
2014-02-04,18.55
2014-02-05,19.03
2014-02-06,16.78
2014-02-07,14.91
2014-02-10,15.04
2014-02-11,14.09
2014-02-12,13.97
2014-02-13,13.83
2014-02-14,13.15
2014-02-17,.
2014-02-18,13.70
2014-02-19,14.96
2014-02-20,14.40
2014-02-21,14.20
2014-02-24,13.81
2014-02-25,13.41
2014-02-26,13.70
2014-02-27,13.27
2014-02-28,13.22
2014-03-03,15.19
2014-03-04,13.55
2014-03-05,13.44
2014-03-06,13.46
2014-03-07,13.37
2014-03-10,13.65
2014-03-11,14.03
2014-03-12,13.83
2014-03-13,15.54
2014-03-14,16.76
2014-03-17,14.81
2014-03-18,14.06
2014-03-19,14.50
2014-03-20,13.96
2014-03-21,14.29
2014-03-24,14.13
2014-03-25,13.57
2014-03-26,14.27
2014-03-27,13.72
2014-03-28,13.55
2014-03-31,13.16
2014-04-01,12.44
2014-04-02,12.51
2014-04-03,12.73
2014-04-04,13.12
2014-04-07,14.51
2014-04-08,14.07
2014-04-09,12.87
2014-04-10,14.64
2014-04-11,15.51
2014-04-14,14.67
2014-04-15,14.13
2014-04-16,12.83
2014-04-17,12.42
2014-04-18,.
2014-04-21,12.59
2014-04-22,12.39
2014-04-23,12.36
2014-04-24,12.40
2014-04-25,13.07
2014-04-28,12.90
2014-04-29,12.76
2014-04-30,12.52
2014-05-01,12.47
2014-05-02,12.29
2014-05-05,12.55
2014-05-06,13.01
2014-05-07,12.63
2014-05-08,12.56
2014-05-09,12.12
2014-05-12,11.43
2014-05-13,11.40
2014-05-14,11.54
2014-05-15,12.08
2014-05-16,11.39
2014-05-19,11.53
2014-05-20,12.17
2014-05-21,11.15
2014-05-22,11.19
2014-05-23,10.47
2014-05-26,.
2014-05-27,10.87
2014-05-28,11.12
2014-05-29,10.94
2014-05-30,10.69
2014-06-02,11.08
2014-06-03,11.21
2014-06-04,11.44
2014-06-05,11.27
2014-06-06,10.48
2014-06-09,10.72
2014-06-10,10.68
2014-06-11,11.25
2014-06-12,11.97
2014-06-13,11.79
2014-06-16,12.27
2014-06-17,11.96
2014-06-18,10.58
2014-06-19,10.44
2014-06-20,10.60
2014-06-23,10.19
2014-06-24,11.17
2014-06-25,11.02
2014-06-26,11.15
2014-06-27,11.02
2014-06-30,11.06
2014-07-01,10.47
2014-07-02,10.18
2014-07-03,9.71
2014-07-04,.
2014-07-07,10.75
2014-07-08,11.21
2014-07-09,10.79
2014-07-10,11.75
2014-07-11,11.21
2014-07-14,10.82
2014-07-15,11.16
2014-07-16,10.30
2014-07-17,13.35
2014-07-18,11.59
2014-07-21,12.01
2014-07-22,11.43
2014-07-23,11.30
2014-07-24,11.39
2014-07-25,12.04
2014-07-28,12.01
2014-07-29,12.56
2014-07-30,12.70
2014-07-31,15.74
2014-08-01,16.11
2014-08-04,14.48
2014-08-05,15.73
2014-08-06,15.20
2014-08-07,15.63
2014-08-08,14.80
2014-08-11,13.71
2014-08-12,13.51
2014-08-13,12.37
2014-08-14,11.77
2014-08-15,12.83
2014-08-18,11.47
2014-08-19,11.20
2014-08-20,10.98
2014-08-21,10.73
2014-08-22,10.75
2014-08-25,10.83
2014-08-26,10.69
2014-08-27,10.70
2014-08-28,11.05
2014-08-29,11.37
2014-09-01,.
2014-09-02,11.74
2014-09-03,11.79
2014-09-04,12.04
2014-09-05,11.50
2014-09-08,11.89
2014-09-09,12.61
2014-09-10,12.32
2014-09-11,12.27
2014-09-12,12.64
2014-09-15,13.12
2014-09-16,12.31
2014-09-17,11.77
2014-09-18,10.99
2014-09-19,11.03
2014-09-22,12.17
2014-09-23,13.39
2014-09-24,12.01
2014-09-25,14.02
2014-09-26,13.25
2014-09-29,13.93
2014-09-30,14.33
2014-10-01,14.76
2014-10-02,14.19
2014-10-03,12.98
2014-10-06,13.36
2014-10-07,14.86
2014-10-08,13.36
2014-10-09,15.70
2014-10-10,17.11
2014-10-13,16.66
2014-10-14,15.92
2014-10-15,17.40
2014-10-16,19.63
2014-10-17,17.06
2014-10-20,16.78
2014-10-21,14.69
2014-10-22,16.23
2014-10-23,15.27
2014-10-24,14.91
2014-10-27,14.97
2014-10-28,13.71
2014-10-29,13.73
2014-10-30,13.53
2014-10-31,13.21
2014-11-03,13.99
2014-11-04,14.02
2014-11-05,13.46
2014-11-06,13.14
2014-11-07,12.61
2014-11-10,12.44
2014-11-11,12.61
2014-11-12,12.85
2014-11-13,12.85
2014-11-14,12.82
2014-11-17,13.20
2014-11-18,13.22
2014-11-19,13.49
2014-11-20,13.12
2014-11-21,12.57
2014-11-24,12.37
2014-11-25,12.15
2014-11-26,12.19
2014-11-27,.
2014-11-28,13.27
2014-12-01,14.13
2014-12-02,13.28
2014-12-03,13.07
2014-12-04,13.00
2014-12-05,11.98
2014-12-08,14.25
2014-12-09,14.92
2014-12-10,17.51
2014-12-11,18.75
2014-12-12,20.45
2014-12-15,19.39
2014-12-16,21.48
2014-12-17,19.19
2014-12-18,16.39
2014-12-19,16.05
2014-12-22,14.30
2014-12-23,14.12
2014-12-24,14.22
2014-12-25,.
2014-12-26,14.01
2014-12-29,14.49
2014-12-30,14.81
2014-12-31,16.63
2015-01-01,.
2015-01-02,16.07
2015-01-05,17.88
2015-01-06,18.46
2015-01-07,17.32
2015-01-08,15.77
2015-01-09,16.27
2015-01-12,17.01
2015-01-13,17.61
2015-01-14,18.53
2015-01-15,19.00
2015-01-16,18.27
2015-01-19,.
2015-01-20,18.44
2015-01-21,17.64
2015-01-22,15.43
2015-01-23,15.84
2015-01-26,15.08
2015-01-27,16.85
2015-01-28,19.34
2015-01-29,16.80
2015-01-30,19.95
2015-02-02,18.86
2015-02-03,16.94
2015-02-04,17.51
2015-02-05,16.48
2015-02-06,16.97
2015-02-09,17.94
2015-02-10,17.03
2015-02-11,16.94
2015-02-12,15.80
2015-02-13,14.85
2015-02-16,.
2015-02-17,15.48
2015-02-18,15.16
2015-02-19,14.97
2015-02-20,13.88
2015-02-23,14.03
2015-02-24,13.05
2015-02-25,13.18
2015-02-26,13.31
2015-02-27,13.23
2015-03-02,12.96
2015-03-03,13.47
2015-03-04,13.89
2015-03-05,13.60
2015-03-06,14.70
2015-03-09,14.35
2015-03-10,15.67
2015-03-11,16.14
2015-03-12,14.84
2015-03-13,15.44
2015-03-16,15.30
2015-03-17,15.42
2015-03-18,13.79
2015-03-19,13.94
2015-03-20,13.03
2015-03-23,13.42
2015-03-24,13.64
2015-03-25,15.38
2015-03-26,15.52
2015-03-27,15.06
2015-03-30,14.48
2015-03-31,15.41
2015-04-01,15.25
2015-04-02,15.04
2015-04-03,.
2015-04-06,14.86
2015-04-07,14.79
2015-04-08,14.34
2015-04-09,13.75
2015-04-10,13.34
2015-04-13,14.49
2015-04-14,13.93
2015-04-15,13.23
2015-04-16,12.81
2015-04-17,14.27
2015-04-20,13.45
2015-04-21,13.77
2015-04-22,13.52
2015-04-23,13.39
2015-04-24,13.30
2015-04-27,13.96
2015-04-28,13.38
2015-04-29,14.10
2015-04-30,15.09
2015-05-01,13.79
2015-05-04,13.88
2015-05-05,14.82
2015-05-06,15.45
2015-05-07,15.37
2015-05-08,13.54
2015-05-11,13.84
2015-05-12,13.80
2015-05-13,13.70
2015-05-14,12.90
2015-05-15,12.44
2015-05-18,12.85
2015-05-19,12.82
2015-05-20,12.87
2015-05-21,12.46
2015-05-22,12.59
2015-05-25,.
2015-05-26,14.14
2015-05-27,13.51
2015-05-28,13.58
2015-05-29,13.92
2015-06-01,14.14
2015-06-02,14.37
2015-06-03,13.83
2015-06-04,15.06
2015-06-05,14.66
2015-06-08,15.34
2015-06-09,14.96
2015-06-10,13.56
2015-06-11,13.15
2015-06-12,13.85
2015-06-15,15.38
2015-06-16,14.92
2015-06-17,14.57
2015-06-18,13.45
2015-06-19,13.82
2015-06-22,12.97
2015-06-23,12.47
2015-06-24,13.63
2015-06-25,14.38
2015-06-26,14.15
2015-06-29,18.69
2015-06-30,18.30
2015-07-01,16.39
2015-07-02,17.00
2015-07-03,.
2015-07-06,17.09
2015-07-07,16.27
2015-07-08,19.24
2015-07-09,19.17
2015-07-10,16.84
2015-07-13,13.66
2015-07-14,13.03
2015-07-15,13.05
2015-07-16,12.31
2015-07-17,12.11
2015-07-20,12.79
2015-07-21,12.80
2015-07-22,12.69
2015-07-23,13.37
2015-07-24,13.99
2015-07-27,15.79
2015-07-28,14.10
2015-07-29,13.28
2015-07-30,12.96
2015-07-31,12.96
2015-08-03,13.62
2015-08-04,13.95
2015-08-05,13.76
2015-08-06,14.76
2015-08-07,14.67
2015-08-10,13.70
2015-08-11,15.30
2015-08-12,15.63
2015-08-13,14.67
2015-08-14,14.13
2015-08-17,13.81
2015-08-18,14.30
2015-08-19,15.68
2015-08-20,19.73
2015-08-21,28.03
2015-08-24,33.11
2015-08-25,34.51
2015-08-26,29.61
2015-08-27,25.51
2015-08-28,25.31
2015-08-31,27.01
2015-09-01,29.80
2015-09-02,25.20
2015-09-03,24.83
2015-09-04,26.92
2015-09-07,.
2015-09-08,24.86
2015-09-09,25.40
2015-09-10,24.77
2015-09-11,23.00
2015-09-14,23.50
2015-09-15,21.87
2015-09-16,20.51
2015-09-17,21.44
2015-09-18,21.36
2015-09-21,19.40
2015-09-22,21.14
2015-09-23,20.80
2015-09-24,22.12
2015-09-25,21.94
2015-09-28,25.06
2015-09-29,24.43
2015-09-30,22.53
2015-10-01,21.59
2015-10-02,19.95
2015-10-05,18.87
2015-10-06,18.52
2015-10-07,17.64
2015-10-08,16.96
2015-10-09,16.56
2015-10-12,14.59
2015-10-13,16.20
2015-10-14,16.42
2015-10-15,14.70
2015-10-16,14.37
2015-10-19,14.14
2015-10-20,14.72
2015-10-21,15.72
2015-10-22,14.25
2015-10-23,14.19
2015-10-26,15.00
2015-10-27,15.33
2015-10-28,14.42
2015-10-29,14.62
2015-10-30,15.08
2015-11-02,14.29
2015-11-03,14.54
2015-11-04,15.27
2015-11-05,14.92
2015-11-06,14.20
2015-11-09,15.99
2015-11-10,15.26
2015-11-11,15.69
2015-11-12,17.55
2015-11-13,19.17
2015-11-16,17.42
2015-11-17,17.80
2015-11-18,16.36
2015-11-19,16.18
2015-11-20,14.92
2015-11-23,15.15
2015-11-24,15.30
2015-11-25,14.79
2015-11-26,.
2015-11-27,15.13
2015-11-30,15.83
2015-12-01,15.00
2015-12-02,15.84
2015-12-03,17.60
2015-12-04,14.96
2015-12-07,15.71
2015-12-08,17.31
2015-12-09,18.50
2015-12-10,18.21
2015-12-11,22.57
2015-12-14,20.89
2015-12-15,19.26
2015-12-16,16.69
2015-12-17,17.53
2015-12-18,19.30
2015-12-21,18.13
2015-12-22,16.44
2015-12-23,15.71
2015-12-24,15.65
2015-12-25,.
2015-12-28,16.73
2015-12-29,15.92
2015-12-30,16.56
2015-12-31,17.01
2016-01-01,.
2016-01-04,19.12
2016-01-05,18.89
2016-01-06,19.62
2016-01-07,22.87
2016-01-08,25.05
2016-01-11,22.72
2016-01-12,21.52
2016-01-13,23.47
2016-01-14,22.50
2016-01-15,25.57
2016-01-18,.
2016-01-19,25.18
2016-01-20,26.98
2016-01-21,25.46
2016-01-22,21.93
2016-01-25,23.46
2016-01-26,21.85
2016-01-27,22.19
2016-01-28,21.63
2016-01-29,19.57
2016-02-01,19.86
2016-02-02,21.33
2016-02-03,20.99
2016-02-04,20.94
2016-02-05,22.13
2016-02-08,24.66
2016-02-09,25.21
2016-02-10,25.07
2016-02-11,27.39
2016-02-12,24.58
2016-02-15,.
2016-02-16,23.29
2016-02-17,21.35
2016-02-18,20.51
2016-02-19,19.46
2016-02-22,18.44
2016-02-23,19.87
2016-02-24,19.94
2016-02-25,18.20
2016-02-26,19.09
2016-02-29,19.77
2016-03-01,17.51
2016-03-02,16.82
2016-03-03,16.71
2016-03-04,16.77
2016-03-07,16.99
2016-03-08,17.67
2016-03-09,17.54
2016-03-10,17.27
2016-03-11,16.37
2016-03-14,16.12
2016-03-15,15.84
2016-03-16,14.34
2016-03-17,13.59
2016-03-18,13.25
2016-03-21,13.41
2016-03-22,13.79
2016-03-23,14.33
2016-03-24,14.19
2016-03-25,.
2016-03-28,14.65
2016-03-29,13.69
2016-03-30,13.26
2016-03-31,13.74
2016-04-01,13.59
2016-04-04,14.28
2016-04-05,15.40
2016-04-06,14.74
2016-04-07,15.70
2016-04-08,15.33
2016-04-11,14.91
2016-04-12,13.97
2016-04-13,12.85
2016-04-14,12.72
2016-04-15,12.79
2016-04-18,13.11
2016-04-19,12.78
2016-04-20,12.99
2016-04-21,13.49
2016-04-22,13.15
2016-04-25,13.84
2016-04-26,13.93
2016-04-27,13.65
2016-04-28,14.88
2016-04-29,15.01
2016-05-02,14.52
2016-05-03,15.28
2016-05-04,15.67
2016-05-05,15.58
2016-05-06,14.43
2016-05-09,14.49
2016-05-10,13.82
2016-05-11,14.78
2016-05-12,14.34
2016-05-13,15.22
2016-05-16,14.46
2016-05-17,15.06
2016-05-18,15.31
2016-05-19,15.74
2016-05-20,14.48
2016-05-23,14.67
2016-05-24,13.57
2016-05-25,13.14
2016-05-26,12.81
2016-05-27,12.44
2016-05-30,.
2016-05-31,13.70
2016-06-01,13.57
2016-06-02,13.09
2016-06-03,12.66
2016-06-06,13.24
2016-06-07,12.79
2016-06-08,13.11
2016-06-09,13.72
2016-06-10,14.86
2016-06-13,18.44
2016-06-14,18.20
2016-06-15,18.17
2016-06-16,17.70
2016-06-17,17.68
2016-06-20,16.79
2016-06-21,17.16
2016-06-22,19.30
2016-06-23,16.30
2016-06-24,22.71
2016-06-27,21.95
2016-06-28,17.97
2016-06-29,15.87
2016-06-30,15.15
2016-07-01,14.26
2016-07-04,.
2016-07-05,15.08
2016-07-06,15.58
2016-07-07,14.72
2016-07-08,13.43
2016-07-11,12.61
2016-07-12,12.76
2016-07-13,12.27
2016-07-14,12.08
2016-07-15,11.75
2016-07-18,12.09
2016-07-19,11.70
2016-07-20,11.65
2016-07-21,12.59
2016-07-22,12.00
2016-07-25,13.00
2016-07-26,13.02
2016-07-27,12.43
2016-07-28,12.24
2016-07-29,11.98
2016-08-01,12.56
2016-08-02,13.17
2016-08-03,12.79
2016-08-04,12.53
2016-08-05,11.85
2016-08-08,11.76
2016-08-09,11.41
2016-08-10,11.69
2016-08-11,11.62
2016-08-12,11.61
2016-08-15,11.44
2016-08-16,12.10
2016-08-17,11.60
2016-08-18,11.16
2016-08-19,11.09
2016-08-22,11.92
2016-08-23,12.11
2016-08-24,12.72
2016-08-25,12.94
2016-08-26,12.97
2016-08-29,12.72
2016-08-30,12.64
2016-08-31,12.78
2016-09-01,12.85
2016-09-02,11.65
2016-09-05,.
2016-09-06,11.98
2016-09-07,12.05
2016-09-08,12.06
2016-09-09,16.48
2016-09-12,13.34
2016-09-13,16.55
2016-09-14,16.75
2016-09-15,14.90
2016-09-16,14.61
2016-09-19,14.86
2016-09-20,15.39
2016-09-21,13.13
2016-09-22,12.08
2016-09-23,12.45
2016-09-26,14.82
2016-09-27,13.52
2016-09-28,13.01
2016-09-29,14.70
2016-09-30,13.76
2016-10-03,14.15
2016-10-04,14.47
2016-10-05,13.94
2016-10-06,13.93
2016-10-07,14.17
2016-10-10,13.63
2016-10-11,15.04
2016-10-12,15.25
2016-10-13,15.82
2016-10-14,15.48
2016-10-17,15.62
2016-10-18,15.06
2016-10-19,14.32
2016-10-20,13.81
2016-10-21,13.78
2016-10-24,13.68
2016-10-25,14.00
2016-10-26,14.59
2016-10-27,15.42
2016-10-28,16.35
2016-10-31,17.29
2016-11-01,18.31
2016-11-02,18.58
2016-11-03,20.63
2016-11-04,21.46
2016-11-07,18.00
2016-11-08,17.93
2016-11-09,14.62
2016-11-10,14.55
2016-11-11,15.02
2016-11-14,13.96
2016-11-15,13.30
2016-11-16,13.61
2016-11-17,13.56
2016-11-18,13.14
2016-11-21,12.66
2016-11-22,12.55
2016-11-23,12.77
2016-11-24,.
2016-11-25,12.81
2016-11-28,13.66
2016-11-29,13.17
2016-11-30,13.50
2016-12-01,13.62
2016-12-02,13.58
2016-12-05,12.32
2016-12-06,12.22
2016-12-07,12.07
2016-12-08,13.21
2016-12-09,12.41
2016-12-12,12.09
2016-12-13,12.29
2016-12-14,12.54
2016-12-15,12.30
2016-12-16,11.77
2016-12-19,11.48
2016-12-20,11.45
2016-12-21,11.36
2016-12-22,11.49
2016-12-23,11.54
2016-12-26,.
2016-12-27,12.31
2016-12-28,12.91
2016-12-29,13.32
2016-12-30,13.88
2017-01-02,.
2017-01-03,13.08
2017-01-04,12.27
2017-01-05,12.04
2017-01-06,11.79
2017-01-09,12.05
2017-01-10,12.05
2017-01-11,11.70
2017-01-12,11.83
2017-01-13,11.73
2017-01-16,.
2017-01-17,12.22
2017-01-18,12.79
2017-01-19,12.74
2017-01-20,11.47
2017-01-23,11.88
2017-01-24,11.16
2017-01-25,10.85
2017-01-26,10.67
2017-01-27,10.56
2017-01-30,12.13
2017-01-31,12.25
2017-02-01,11.93
2017-02-02,12.10
2017-02-03,11.36
2017-02-06,11.39
2017-02-07,11.40
2017-02-08,11.81
2017-02-09,11.22
2017-02-10,10.98
2017-02-13,10.84
2017-02-14,10.72
2017-02-15,11.79
2017-02-16,11.60
2017-02-17,11.33
2017-02-20,.
2017-02-21,11.74
2017-02-22,11.71
2017-02-23,11.71
2017-02-24,11.34
2017-02-27,12.32
2017-02-28,12.94
2017-03-01,12.41
2017-03-02,11.86
2017-03-03,11.26
2017-03-06,11.34
2017-03-07,11.15
2017-03-08,11.68
2017-03-09,12.07
2017-03-10,11.52
2017-03-13,10.37
2017-03-14,11.40
2017-03-15,7.58
2017-03-16,10.56
2017-03-17,10.33
2017-03-20,10.46
2017-03-21,11.98
2017-03-22,12.38
2017-03-23,12.21
2017-03-24,12.31
2017-03-27,12.12
2017-03-28,10.98
2017-03-29,10.99
2017-03-30,10.97
2017-03-31,11.44
2017-04-03,11.59
2017-04-04,11.23
2017-04-05,12.33
2017-04-06,11.86
2017-04-07,12.14
2017-04-10,12.64
2017-04-11,13.98
2017-04-12,14.13
2017-04-13,14.58
2017-04-14,.
2017-04-17,13.71
2017-04-18,13.77
2017-04-19,14.36
2017-04-20,13.04
2017-04-21,13.84
2017-04-24,10.30
2017-04-25,10.36
2017-04-26,10.40
2017-04-27,10.22
2017-04-28,10.49
2017-05-01,10.31
2017-05-02,10.66
2017-05-03,10.73
2017-05-04,10.95
2017-05-05,10.78
2017-05-08,10.41
2017-05-09,10.59
2017-05-10,10.94
2017-05-11,10.84
2017-05-12,10.63
2017-05-15,10.38
2017-05-16,10.42
2017-05-17,13.70
2017-05-18,13.47
2017-05-19,11.09
2017-05-22,10.12
2017-05-23,10.19
2017-05-24,9.71
2017-05-25,9.92
2017-05-26,9.60
2017-05-29,.
2017-05-30,10.28
2017-05-31,10.30
2017-06-01,9.90
2017-06-02,10.04
2017-06-05,10.64
2017-06-06,11.06
2017-06-07,10.83
2017-06-08,10.56
2017-06-09,10.59
2017-06-12,10.61
2017-06-13,10.03
2017-06-14,9.99
2017-06-15,10.46
2017-06-16,9.83
2017-06-19,9.94
2017-06-20,10.36
2017-06-21,10.40
2017-06-22,10.22
2017-06-23,9.71
2017-06-26,9.85
2017-06-27,10.86
2017-06-28,9.88
2017-06-29,10.59
2017-06-30,10.53
2017-07-03,10.88
2017-07-04,.
2017-07-05,10.86
2017-07-06,11.86
2017-07-07,11.05
2017-07-10,10.87
2017-07-11,10.85
2017-07-12,10.20
2017-07-13,9.91
2017-07-14,9.76
2017-07-17,9.97
2017-07-18,9.88
2017-07-19,9.67
2017-07-20,9.63
2017-07-21,9.55
2017-07-24,9.63
2017-07-25,9.84
2017-07-26,9.70
2017-07-27,10.14
2017-07-28,10.46
2017-07-31,10.37
2017-08-01,10.05
2017-08-02,10.65
2017-08-03,10.26
2017-08-04,10.33
2017-08-07,10.61
2017-08-08,11.47
2017-08-09,11.57
2017-08-10,15.07
2017-08-11,13.89
2017-08-14,12.04
2017-08-15,11.34
2017-08-16,11.12
2017-08-17,13.93
2017-08-18,13.28
2017-08-21,12.53
2017-08-22,10.90
2017-08-23,11.72
2017-08-24,11.59
2017-08-25,11.19
2017-08-28,11.46
2017-08-29,11.66
2017-08-30,11.58
2017-08-31,11.12
2017-09-01,10.62
2017-09-04,.
2017-09-05,12.45
2017-09-06,11.77
2017-09-07,11.47
2017-09-08,12.01
2017-09-11,9.63
2017-09-12,10.01
2017-09-13,9.96
2017-09-14,9.84
2017-09-15,9.84
2017-09-18,9.76
2017-09-19,9.95
2017-09-20,9.83
2017-09-21,9.88
2017-09-22,10.01
2017-09-25,10.35
2017-09-26,10.52
2017-09-27,10.32
2017-09-28,10.12
2017-09-29,10.37
2017-10-02,10.21
2017-10-03,10.11
2017-10-04,10.09
2017-10-05,10.03
2017-10-06,10.07
2017-10-09,10.57
2017-10-10,10.77
2017-10-11,10.63
2017-10-12,10.4
2017-10-13,10.19
2017-10-16,10.05
2017-10-17,10.42
2017-10-18,10.93
2017-10-19,11.39
2017-10-20,11.69
2017-10-23,12.52
2017-10-24,13.59
2017-10-25,12.66
2017-10-26,13.31
2017-10-27,11.89
2017-10-30,12.55
2017-10-31,11.0
2017-11-01,10.83
2017-11-02,10.9
2017-11-03,10.23
2017-11-06,10.4
2017-11-07,10.41
2017-11-08,10.26
2017-11-09,11.35
2017-11-10,11.57
2017-11-13,11.56
2017-11-14,11.95
2017-11-15,13.53
2017-11-16,12.32
2017-11-17,12.38
2017-11-20,11.48
2017-11-21,10.67
2017-11-22,10.92
2017-11-23,.
2017-11-24,11.21
2017-11-27,10.99
2017-11-28,10.52
2017-11-29,12.78
2017-11-30,13.42
2017-12-01,14.11
2017-12-04,14.07
2017-12-05,13.83
2017-12-06,13.24
2017-12-07,12.65
2017-12-08,11.68
2017-12-11,11.04
2017-12-12,11.41
2017-12-13,11.34
2017-12-14,11.6
2017-12-15,10.57
2017-12-18,11.6
2017-12-19,11.45
2017-12-20,10.58
2017-12-21,11.4
2017-12-22,10.51
2017-12-25,.
2017-12-26,10.91
2017-12-27,10.59
2017-12-28,11.02
2017-12-29,11.78
2018-01-01,.
2018-01-02,11.05
2018-01-03,10.47
2018-01-04,10.09
2018-01-05,10.21
2018-01-08,10.52
2018-01-09,10.91
2018-01-10,10.66
2018-01-11,10.54
2018-01-12,10.9
2018-01-15,.
2018-01-16,12.58
2018-01-17,12.99
2018-01-18,12.95
2018-01-19,12.07
2018-01-22,12.58
2018-01-23,12.76
2018-01-24,13.02
2018-01-25,13.22
2018-01-26,12.73
2018-01-29,14.89
2018-01-30,15.64
2018-01-31,14.67
2018-02-01,14.6
2018-02-02,17.32
2018-02-05,22.9
2018-02-06,25.35
2018-02-07,21.49
2018-02-08,28.43
2018-02-09,28.2
2018-02-12,26.39
2018-02-13,23.93
2018-02-14,21.29
2018-02-15,20.04
2018-02-16,18.83
2018-02-19,.
2018-02-20,19.8
2018-02-21,19.56
2018-02-22,18.25
2018-02-23,16.19
2018-02-26,15.83
2018-02-27,17.98
2018-02-28,18.26
2018-03-01,20.86
2018-03-02,19.46
2018-03-05,18.63
2018-03-06,18.37
2018-03-07,18.36
2018-03-08,17.67
2018-03-09,15.66
2018-03-12,14.72
2018-03-13,15.45
2018-03-14,16.24
2018-03-15,16.08
2018-03-16,15.02
2018-03-19,17.85
2018-03-20,17.85
2018-03-21,17.65
2018-03-22,22.06
2018-03-23,22.89
2018-03-26,21.45
2018-03-27,23.84
2018-03-28,24.35
2018-03-29,21.53
2018-03-30,.
2018-04-02,24.74
2018-04-03,22.33
2018-04-04,21.49
2018-04-05,20.2
2018-04-06,23.13
2018-04-09,23.18
